{
"images": ["atlas.png"],
"frames": [

    [2, 2, 64, 64], 
    [2, 68, 64, 64], 
    [2, 134, 64, 64], 
    [200, 2, 49, 49], 
    [200, 53, 49, 49], 
    [200, 104, 49, 49], 
    [68, 2, 64, 64], 
    [134, 2, 64, 64], 
    [68, 68, 64, 64], 
    [134, 68, 64, 64], 
    [134, 134, 49, 49], 
    [68, 134, 64, 64], 
    [185, 155, 49, 49]
],
"animations": {
    
        "bananaSymbol":[0], 
        "barSymbol":[1], 
        "bellSymbol":[2], 
        "betMaxButton":[3], 
        "betOneButton":[4], 
        "betTenButton":[5], 
        "blankSymbol":[6], 
        "cherrySymbol":[7], 
        "grapesSymbol":[8], 
        "orangeSymbol":[9], 
        "resetButton":[10], 
        "sevenSymbol":[11], 
        "spinButton":[12]
}
}
